Result,Opponent,Event Date,Method/Referee,Rounds,Time
win,Scott Robinson,Jul / 11 / 2008,TKO (Submission to Punches),1,0:46
loss,Herbert Goodman,May / 17 / 2008,KO,2,1:02
win,Jason Hoyer,Feb / 22 / 2008,Submission (Rear-Naked Choke),1,4:55
loss,John Meyer,Jan / 12 / 2008,Submission (Guillotine Choke),2,
loss,Thomas Russell,Jun / 16 / 2007,KO,2,1:52
loss,Hector Urbina,May / 26 / 2007,KO (Punches),1,1:18
win,Wayne Bogard,Apr / 08 / 2007,Submission (Triangle Choke),1,0:50
win,Mike Hansen,Feb / 17 / 2007,KO (Punches),1,2:15
loss,Mitch Whitesel,Jun / 03 / 2006,TKO (Submission to Punches),1,2:33
win,Brian Dunn,Feb / 24 / 2006,TKO (Punches),2,
win,Brandon Lee,Oct / 21 / 2005,TKO,2,0:00
loss,Emyr Bussade,Jan / 08 / 2005,Submission (Guillotine Choke),1,
loss,Jason Chambers,Aug / 28 / 2004,Submission (Guillotine Choke),1,0:27
loss,Forrest Petz,Jun / 12 / 2004,Submission (Verbal),2,2:06
loss,William Hill,Mar / 14 / 2004,TKO (Submission to Punches),1,3:25
win,Scott Ward,Jan / 17 / 2004,Submission (Verbal),2,0:00
loss,Dustin Denes,Dec / 06 / 2003,Submission (Armbar),1,2:20
win,Jason Guida,Jul / 26 / 2003,Decision,3,5:00
win,Kyle Olsen,May / 10 / 2003,TKO (Submission to Punches),3,
loss,Steve Friedrichs,Feb / 14 / 2003,Submission (Verbal),2,0:00
win,Tim Crawford,Oct / 05 / 2002,Submission (Neck Crank),1,0:00
win,Rafal Piszczek,Jun / 29 / 2002,Decision,0,0:00
win,Jason Veach,Apr / 13 / 2002,Submission (Keylock),1,
win,Chad Klienschmidt,Mar / 15 / 2002,TKO (Submission to Strikes),1,1:28
loss,Tony Fryklund,Mar / 02 / 2002,KO (Punches),2,3:18
win,Chris Fontaine,Dec / 08 / 2001,Submission (Rear-Naked Choke),1,
win,Cedric Marks,Dec / 08 / 2001,Submission (Forearm Choke),2,2:30
win,Brian Ebersole,Sep / 29 / 2001,Submission (Rear-Naked Choke),1,5:10
win,Sam Morgan,Sep / 09 / 2001,Submission (Armbar),1,0:40
win,Shane Schartzer,Sep / 09 / 2001,Submission (Hammerlock),1,2:15
loss,Wataru Sakata,Aug / 18 / 2001,TKO (Eye Injury),1,5:00
win,Jason Rigsby,Jun / 29 / 2001,Decision,0,0:00
win,Jason Allar,Mar / 31 / 2001,TKO (Referee Stoppage),1,6:17
loss,Keith Rockel,Jan / 27 / 2001,TKO (Kimura),1,11:15
loss,Betiss Mansouri,Nov / 29 / 2000,Submission (Guillotine Choke),2,0:22
win,Erick Snyder,Nov / 04 / 2000,Submission (Forearm Choke),1,2:28
win,Virgil Strzelecki,Nov / 04 / 2000,Submission (Rear-Naked Choke),1,4:06
draw,Mauricio Zingano,Oct / 19 / 2000,Draw,2,5:00
win,Aristides Britto,Oct / 04 / 2000,Submission (Armbar),1,4:30
loss,Jermaine Andre,Sep / 30 / 2000,KO (Kick),1,2:29
loss,Joe Doerksen,Aug / 26 / 2000,Submission (Keylock),1,2:17
draw,Brian Guidry,Aug / 23 / 2000,Draw,1,10:00
win,Joe Merit,Aug / 19 / 2000,Submission (Armbar),1,4:16
loss,Hiromitsu Kanehara,Jul / 22 / 2000,Submission (Armlock),1,2:07
win,Eric Grove,Jul / 08 / 2000,Decision,2,15:00
loss,Shonie Carter,Jun / 09 / 2000,Decision (Unanimous)John McCarthy,2,5:00
win,Brett Al-azzawi,May / 10 / 2000,Submission (Guillotine Choke),1,1:33
win,Brian Gassaway,Mar / 24 / 2000,Decision (Unanimous),3,5:00
win,Roberto Ramirez,Mar / 18 / 2000,Submission (Choke),0,0:00
loss,Jim Theobald,Feb / 19 / 2000,Decision,0,0:00
win,Scott Ventimiglia,Jan / 28 / 2000,Submission (Armbar),1,5:50
win,Wald Bloise,Jan / 15 / 2000,Submission (Keylock)Kipp Kollar,2,2:57
loss,Marty Armendarez,Nov / 20 / 1999,Decision (Unanimous),3,5:00
loss,Ikuhisa Minowa,Oct / 25 / 1999,Submission (Heel Hook)Soichi Hiroto,1,11:38
win,Dennis Taddio,Oct / 15 / 1999,Submission (Armbar),1,6:47
win,Keith Wisniewski,Oct / 02 / 1999,Submission (Keylock),1,6:30
win,Scott O'Dell,Sep / 18 / 1999,Submission (Armbar),1,3:40
loss,George Allen,Sep / 01 / 1999,KO (Knees),1,0:57
loss,Ismael Souza,Aug / 26 / 1999,Submission (Rear-Naked Choke),1,2:45
win,Eric Davila,Aug / 21 / 1999,Submission (Kimura),2,1:45
win,Toby Imada,Aug / 21 / 1999,TKO (Corner Stoppage),2,5:00
win,Joshua Taibl,Jul / 21 / 1999,TKO (Retirement),1,5:00
win,John Cronk,Jun / 19 / 1999,Submission,1,7:15
win,Izzy Johnson,May / 15 / 1999,Submission (Rear-Naked Choke),1,5:32
win,Joe Geromiller,Apr / 30 / 1999,Submission (Guillotine Choke),1,
win,Eric Gedek,Apr / 03 / 1999,,0,0:00
win,Brett Al-azzawi,Mar / 20 / 1999,Submission (Guillotine Choke),1,7:04
win,Jermaine Andre,Jan / 31 / 1999,Submission (Rear-Naked Choke),1,7:45
loss,Wanderlei Silva,Jan / 20 / 1999,KO (Punches and Soccer Kick),1,0:22
win,Wally Holem,Dec / 11 / 1998,TKO (Submission to Punches),1,4:34
draw,Bart Guyer,Dec / 08 / 1998,Draw,1,15:00
loss,Ali Elias,Oct / 24 / 1998,Submission (Front Choke),1,3:59
win,Hossein Kalami,Oct / 24 / 1998,TKO (Submission to Punches),1,6:35
win,Chris Easter,Oct / 24 / 1998,TKO (Punches),1,8:36
win,Leon Ramsey,Jun / 20 / 1998,,1,1:42
loss,Ikuhisa Minowa,Jun / 02 / 1998,Decision (Lost Points)Kenji Kosuge,1,10:00
win,Tim Wills,May / 27 / 1998,Submission (Armbar),1,
win,Kiuma Kunioku,Apr / 26 / 1998,Decision (Majority)Kenji Kosuge,2,3:00
win,Don Rugebreght,Apr / 11 / 1998,Submission (Choke),1,1:07
win,Dave Menne,Apr / 04 / 1998,Decision,1,12:00
win,Dave Strasser,Jan / 16 / 1998,Decision (Split),1,20:00
draw,Dave Strasser,Oct / 04 / 1997,Draw,1,15:00
win,Brett Al-azzawi,Aug / 30 / 1997,TKO (Submission to Punches),1,2:55
win,Joe Leggett,Jun / 25 / 1997,TKO (Submission to Punches),1,3:21
loss,Tyrone Roberts,Jun / 25 / 1997,Submission (Guillotine Choke),1,10:25
loss,Dennis Reed,May / 10 / 1997,TKO (Submission to Punches),1,3:10
win,Robert Cochran,May / 10 / 1997,Submission (Rear-Naked Choke),1,3:01
win,Rick Graveson,Feb / 15 / 1997,Submission (Hammerlock),1,4:06
win,Roger Mendosa,Aug / 01 / 1996,,1,2:20
