Result,Opponent,Event Date,Method/Referee,Rounds,Time
loss,Tim Williams,Apr / 16 / 2011,TKO (Punches)Keith Peterson,3,0:16
win,Vagner Curio,Feb / 19 / 2010,TKO (Submission to Punches)Dan Miragliotta,1,3:25
loss,Krzysztof Soszynski,May / 23 / 2009,KO (Punches)Herb Dean,1,3:17
loss,Jon Jones,Aug / 09 / 2008,Decision (Unanimous)Daryl Guthmiller,3,5:00
win,Mike Ciesnolevicz,Sep / 20 / 2007,KO (Knee),1,0:53
win,Wojtek Kaszowski,Jun / 16 / 2007,Submission (Rear-Naked Choke),1,3:53
win,Brent Beauparlant,Dec / 29 / 2006,Decision (Unanimous),3,4:00
win,Mike Ciesnolevicz,Sep / 23 / 2006,TKO (Punches),2,1:02
win,John Swangler,Apr / 22 / 2006,TKO (Punches),1,0:13
