Result,Opponent,Event Date,Method/Referee,Rounds,Time
loss,Shana Dobson,Dec / 01 / 2017,TKO (Punches)Mark Smith,2,2:53
loss,Kathina Lowe,Dec / 02 / 2016,Decision (Unanimous)Liz Carreiro,3,5:00
loss,Rachael Ostovich,May / 07 / 2016,Decision (Split)Herb Dean,3,5:00
win,Shawna Anderson,Mar / 19 / 2016,DQ (Illegal Strikes),2,3:00
loss,Andrea Lee,Dec / 04 / 2015,Submission (Armbar)Jared Baker,3,4:22
win,D.J. Morrison,Apr / 25 / 2015,TKO (Punches),1,2:30
win,Jessica Diaz,Jan / 24 / 2015,TKO (Punches)Bobby Wombacher,1,0:40
win,Angela Hayes,Dec / 06 / 2014,Decision (Unanimous),3,5:00
loss,Emily Corso,May / 16 / 2014,Submission (Rear-Naked Choke),1,1:28
