Result,Opponent,Event Date,Method/Referee,Rounds,Time
loss,Igor Zhirkov,Jun / 08 / 2019,Decision (Split)Lukasz Bosacki,3,5:00
loss,Aljamain Sterling,Apr / 15 / 2017,Decision (Unanimous)Mario Yamasaki,3,5:00
win,Frankie Saenz,Jan / 15 / 2017,Decision (Split)Herb Dean,3,5:00
loss,Cody Garbrandt,Feb / 21 / 2016,KO (Punches)Mario Yamasaki,1,4:18
win,Donald Williams,Jul / 17 / 2015,Submission (Triangle Choke)Rocky Demier,2,1:20
win,Evan Martinez,Feb / 13 / 2015,TKO (Elbows)Steve Armstrong,2,3:26
win,Richard Delfin,Nov / 14 / 2014,Submission (Rear-Naked Choke)Joe Soliz,1,0:49
win,Omar Castro,Aug / 02 / 2014,Submission (Armbar),2,3:19
win,Xavier Ramirez,Apr / 05 / 2014,Submission (Armbar),1,1:30
