Result,Opponent,Event Date,Method/Referee,Rounds,Time
loss,Fredy Serrano,Mar / 21 / 2015,KO (Punch)Osiris Maia,3,1:34
win,Sebastian Echazu,Dec / 14 / 2013,Submission (Rear-Naked Choke)Jorge Amantegui,3,2:21
win,Wascar Cruz,Oct / 12 / 2013,Decision (Unanimous)Jorge Ortiz,3,5:00
win,Patrick Thomas,Feb / 15 / 2013,Submission (Rear-Naked Choke),1,2:54
win,Daniel Isaac Guerra,Jun / 25 / 2010,TKO (Punches)Gustavo Besin,1,2:50
win,Wilber Paniagua,Apr / 13 / 2010,TKO (Punches)Jorge Alberto Amantegui,1,3:50
win,Jaime Cabrera,Apr / 18 / 2009,David Figueroa,0,0:00
