Result,Opponent,Event Date,Method/Referee,Rounds,Time
loss,Zia Mashwani,Aug / 18 / 2024,Technical Submission (Triangle Choke),1,1:40
loss,Yadong Song,Nov / 25 / 2017,Submission (Guillotine Choke)John Sharp,1,4:16
loss,Ahmed Faress,Apr / 22 / 2017,Submission (Triangle Choke),1,3:19
win,Sami Amin,Sep / 28 / 2013,Submission (Rear-Naked Choke)Ryan Thorpe,2,3:06
win,Pierre Daguzan,Aug / 03 / 2013,TKO (Punches)Ryan Thorpe,2,1:44
win,Narender Grewal,Dec / 14 / 2012,Submission (Guillotine Choke)Yuji Shimada,1,1:31
win,Pushpender Singh,Nov / 09 / 2012,Submission (Rear-Naked Choke)Dejan Tesic,1,1:20
win,Soro Ismael,Apr / 07 / 2012,Submission (Punches)Yuji Shimada,1,2:16
loss,Nariman Musaev,Jan / 30 / 2010,Submission (Armbar),1,0:00
