Result,Opponent,Event Date,Method/Referee,Rounds,Time
win,Cody Brundage,Apr / 13 / 2024,Submission (Rear-Naked Choke)Chris Tognoni,2,3:38
win,Valentine Woodburn,Jul / 08 / 2023,TKO (Punches)Chris Tognoni,1,0:38
win,Jamie Pickett,Mar / 04 / 2023,Submission (Arm-Triangle Choke)Keith Peterson,1,2:54
win,Donovan Beard,Sep / 27 / 2022,Submission (Triangle Choke)Mark Smith,1,0:52
win,Zachary Borrego,Aug / 09 / 2022,Submission (Rear-Naked Choke)Mike Beltran,1,1:02
win,John Noland,Jun / 03 / 2022,KO (Punches)Mike King,1,0:33
