Result,Opponent,Event Date,Method/Referee,Rounds,Time
win,Andrei Vasinca,Jun / 04 / 2016,TKO (Punches),1,
loss,Alan Jouban,Aug / 16 / 2013,TKO (Punches)John McCarthy,3,1:23
loss,Adlan Amagov,Apr / 06 / 2013,Decision (Unanimous)Leon Roberts,3,5:00
win,Nah-Shon Burrell,May / 19 / 2012,TKO (Knees and Punches)Josh Rosenthal,1,3:25
loss,Ricky Legere Jr.,Jan / 07 / 2012,Decision (Unanimous)Chris Tognoni,3,5:00
win,Joe Ray,Sep / 23 / 2011,Decision (Unanimous)Kim Winslow,3,5:00
win,Adam Hazelton,Jun / 25 / 2011,Submission (Armbar),1,0:38
win,Cesar Narita,Jun / 27 / 2009,KO (Punches),1,0:16
win,Ugo Gaillard,Oct / 25 / 2008,TKO (Punches),1,4:42
