Result,Opponent,Event Date,Method/Referee,Rounds,Time
loss,Magdalena Sormova,Dec / 15 / 2017,Submission (Armbar)Piotr Michalak,1,4:15
loss,Cortney Casey,Jul / 13 / 2016,TKO (Elbows)Bobby Wombacher,1,2:36
loss,Maryna Moroz,Apr / 10 / 2016,Decision (Unanimous)Kevin Sataki,3,5:00
win,Renata Cseh-Lantos,Dec / 14 / 2015,Submission (Armbar)Herb Dean,1,3:13
win,Iren Racz,Aug / 31 / 2015,Submission (Triangle Choke)Catalin Otelea,1,2:25
win,Diana Belbita,Jun / 15 / 2015,Submission (Armbar)Catalin Otelea,1,2:41
win,Alice Ardelean,Mar / 16 / 2015,Decision (Split)Catalin Otelea,3,5:00
win,Gabriela Iacob,Oct / 06 / 2014,TKO (Punches)Scott Manhardt,1,0:33
