Result,Opponent,Event Date,Method/Referee,Rounds,Time
loss,Guido Cannetti,May / 19 / 2018,Decision (Unanimous)Leon Roberts,3,5:00
loss,Jose Quinonez,Aug / 05 / 2017,Decision (Unanimous)John McCarthy,3,5:00
win,Noad Lahat,Feb / 06 / 2016,KO (Flying Knee)Mark Smith,2,0:23
win,Rodolfo Rubio,Nov / 08 / 2014,Decision (Unanimous)Mario Yamasaki,3,5:00
win,Gaston Manzur,Feb / 16 / 2014,Decision (Unanimous)Claudio Toledo,3,5:00
win,Patricio Lagos,Dec / 10 / 2011,TKO (Doctor Stoppage)Orlando Olea Zamora,2,5:00
win,Rodolfo Guzman,Dec / 10 / 2011,Submission (Rear-Naked Choke)Orlando Olea Zamora,1,2:52
win,Pablo Reyes,Oct / 22 / 2011,Submission (Punches)Adrian Munoz,1,2:01
win,Jaime Barriga,Jun / 04 / 2011,Submission (Guillotine Choke)Adrian Munoz,1,1:35
