Result,Opponent,Event Date,Method/Referee,Rounds,Time
win,Carli Judice,Jun / 15 / 2024,Decision (Split)Chris Tognoni,3,5:00
loss,Tereza Bleda,Jun / 17 / 2023,Decision (Unanimous)Chris Tognoni,3,5:00
loss,Jasmine Jasudavicius,Feb / 25 / 2023,Decision (Unanimous)Chris Tognoni,3,5:00
win,Karoline Martins Moreira,Sep / 30 / 2022,Submission (Guillotine Choke)Fernando Portella,2,3:02
win,Edna Oliveira Ajala,May / 13 / 2022,TKO (Submission to Punches)Fernando Portella,3,3:17
win,Queila Pereira Americo Braga,Jul / 16 / 2021,Decision (Unanimous)Joao Claudio Soares,3,5:00
win,Shamara Braga Cavalcante,Oct / 31 / 2020,Decision (Unanimous)Jose Moreno,3,5:00
win,Katarzyna Biegajlo,Dec / 21 / 2019,Submission (Rear-Naked Choke)Lukasz Bosacki,2,3:48
win,Petq Atanasova,Nov / 16 / 2019,TKO,3,1:43
win,Antonia Silvaneide da Silva,Jun / 01 / 2019,Decision (Unanimous)Joao Mendes,3,5:00
loss,Maria Silva,Jun / 09 / 2018,Decision (Split)Marcao Rotwailer,3,5:00
win,Iasmin Lucindo,Mar / 24 / 2018,TKO (Punches)Marcos Rottweiler,1,3:20
