Result,Opponent,Event Date,Method/Referee,Rounds,Time
win,Rich Beecroft,Jan / 27 / 2007,Submission (Kimura),1,0:26
loss,Cheick Kongo,Jul / 08 / 2006,TKO (Doctor Stoppage)Yves Lavigne,1,4:13
loss,Paul Buentello,Feb / 04 / 2006,TKO (Punches)John McCarthy,2,2:27
win,Chad Armstrong,Sep / 30 / 2005,TKO (Punches),1,1:00
win,Melville Calabaca,Jun / 11 / 2005,KO (Punches),1,0:30
win,Tim McMullen,Sep / 25 / 2004,KO,1,0:15
win,Karl Perkins,May / 15 / 2004,KO,1,1:55
win,Herb Garcia,Apr / 30 / 2004,KO,1,0:03
