Result,Opponent,Event Date,Method/Referee,Rounds,Time
loss,Melissa Mullins,Oct / 14 / 2023,Decision (Unanimous)Mark Smith,3,5:00
win,Stephanie Egger,Apr / 29 / 2023,Submission (Kneebar)Jason Herzog,1,2:11
win,Stephanie Ielo Page,Oct / 23 / 2021,Decision (Unanimous)Kevin MacDonald,3,5:00
loss,Liliya Kazak,Dec / 22 / 2019,Decision (Unanimous),3,5:00
win,Zlata Sheftor,May / 04 / 2019,Submission (Armbar)Gerd Richter,1,4:55
win,Shokhida Rakhnimova,Mar / 21 / 2019,Decision (Unanimous)Andrei Bolshakov,2,5:00
win,Gulnara Garaeva,Mar / 09 / 2019,TKO (Punches)Vyacheslav Perskiy,1,3:25
