Result,Opponent,Event Date,Method/Referee,Rounds,Time
win,Zarah Fairn,Sep / 02 / 2023,Decision (Unanimous)Rich Mitchell,3,5:00
win,Melissa Croden,Apr / 21 / 2023,Decision (Unanimous)Chris Klavetter,5,5:00
win,Nadja Milijancevic,Nov / 26 / 2022,TKO (Elbows),2,4:00
win,Yulia Kutsenko,Jul / 02 / 2022,KO (Knee and Punches),1,3:07
loss,Martina Jindrova,Mar / 04 / 2022,Decision (Split)Andrew Glenn,3,5:00
win,Nora Cornolle,Jul / 10 / 2021,Decision,3,5:00
win,Jackelin Casariego,Jun / 02 / 2018,TKOCarlos Nunes,1,3:12
