Result,Opponent,Event Date,Method/Referee,Rounds,Time
loss,Aaron Johnson,Apr / 28 / 2012,SubmissionJohn Hosegood,1,0:33
win,Joe Johnson,Jul / 29 / 2011,Decision (Unanimous),3,5:00
loss,Chris Camozzi,Jun / 19 / 2010,Decision (Unanimous)Josh Rosenthal,3,5:00
loss,John Salter,Jul / 27 / 2009,Submission (Arm-Triangle Choke),3,1:58
win,Matt Sassolino,Jun / 12 / 2009,KO (Punch)Tony Mullinax,1,3:28
win,Tony Roberts,Mar / 21 / 2009,TKO (Punches),1,3:15
win,Joey Bagley,Feb / 27 / 2009,KO (Punch)John Hosegood,1,0:05
win,Jay Hernandez,Jan / 30 / 2009,KO (Punches)Chris Adams,1,0:08
win,Justin Halahan,Jan / 19 / 2009,TKO (Punches),1,4:03
