Result,Opponent,Event Date,Method/Referee,Rounds,Time
win,Cory McKenna,Mar / 16 / 2024,Submission (Armbar)Mike Beltran,1,1:38
win,Montserrat Ruiz,Aug / 12 / 2023,TKO (Elbows and Punches)Chris Tognoni,3,3:41
loss,Sam Hughes,Apr / 08 / 2023,Decision (Unanimous)Andrew Glenn,3,5:00
win,Ashley Nichols,Sep / 16 / 2022,Submission (Armbar)Chris Klavetter,1,4:39
win,Lovethpatra Young,Feb / 25 / 2022,Submission (Kneebar)John English,1,1:26
win,Megan Owen,Jul / 02 / 2021,KO (Punches)Kevin Nix,1,0:10
win,Taisha Gandy,Mar / 12 / 2021,Submission (Rear-Naked Choke)Kevin Nix,1,0:33
win,Paula Farias,Oct / 30 / 2020,Submission (Arm-Triangle Choke)Dido,1,1:58
win,Luana  Nogueira,Sep / 04 / 2020,Submission (Armbar)Dindo Mahmoud,1,1:31
