Result,Opponent,Event Date,Method/Referee,Rounds,Time
loss,Rani Yahya,Aug / 03 / 2013,Decision (Unanimous)Herb Dean,3,5:00
loss,Steven Siler,Dec / 03 / 2011,Decision (Unanimous)Herb Dean,3,5:00
win,Mike Baskis,Nov / 28 / 2009,Decision (Split),5,3:00
win,Justin Foster,Jun / 27 / 2009,Submission (Armbar)Kevin Nix,1,2:37
draw,Randy Steinke,Apr / 25 / 2009,Draw,2,5:00
win,Gavin Merrick,Jan / 17 / 2009,Decision (Unanimous),3,5:00
win,Jeremy Dodd,Sep / 19 / 2008,Decision (Unanimous),3,5:00
win,Cody Daniels,Apr / 07 / 2007,Submission (Triangle Choke),1,0:55
win,Richard Gamble,Mar / 27 / 2007,Decision (Unanimous),3,3:00
