Result,Opponent,Event Date,Method/Referee,Rounds,Time
loss,Cale Yarbrough,Apr / 17 / 2010,TKO (Knee and Punches)Mario Yamasaki,2,1:01
win,Reed Cook,Feb / 20 / 2010,TKO (Punches),1,0:09
win,Joseph Lewis,May / 02 / 2009,TKO (Retirement),2,0:36
win,Christopher Thad Schlichter,Dec / 11 / 2008,TKO (Punches),1,4:45
loss,Jason Riley,Sep / 29 / 2007,Decision (Unanimous),3,5:00
loss,Jake O'Brien,Nov / 18 / 2006,Decision (Unanimous)Steve Mazzagatti,3,5:00
win,Christopher Hickok,Sep / 29 / 2006,KO (Punch),1,3:57
win,Antoine Hayes,May / 19 / 2006,Decision (Unanimous),3,5:00
win,Jonathan Spears,Jun / 18 / 2005,TKO (Punches),1,2:25
