Result,Opponent,Event Date,Method/Referee,Rounds,Time
loss,Josefine Lindgren Knutsson,Jun / 15 / 2024,Decision (Unanimous)Chris Tognoni,3,5:00
win,Patricia Alujas,Sep / 12 / 2023,Submission (Rear-Naked Choke)Jacob Montalvo,2,4:05
win,Brenda Gottig,Jan / 28 / 2023,Submission (Arm-Triangle Choke)Joao Claudio Soares,1,4:50
win,Bianca Sattelmayer,Nov / 04 / 2022,TKO (Punches)Julio Catarino,3,0:51
win,Kalindra Faria,Jun / 24 / 2022,Decision (Unanimous),3,5:00
loss,Jasmine Jasudavicius,Sep / 14 / 2021,Decision (Unanimous)Mark Smith,3,5:00
win,Jessica Evelyn Monteiro,Oct / 31 / 2020,Submission (Rear-Naked Choke),2,0:00
win,Jessica Correa Delboni,Oct / 19 / 2019,KO (Punches)Osiris Maia,2,4:35
win,Geisa Veloso,May / 25 / 2019,TKO (Punches)Osiris Maia,2,1:57
win,Daniela Maria da Silva,May / 05 / 2019,Decision (Unanimous)Luiz Aymore,3,5:00
win,Marcela Giantomassi Aguiar,Dec / 09 / 2018,Decision (Unanimous),3,5:00
win,Beatriz Ferreira,Oct / 06 / 2018,Decision (Unanimous),3,5:00
loss,Valesca Machado,May / 26 / 2018,Decision (Unanimous)Leonardo Chebar,3,5:00
win,Vanessa Santos,Mar / 03 / 2018,TKO (Punches)Julian Fabrin Soares,2,3:55
win,Nathielly Santos Campahy,Oct / 21 / 2017,Decision (Unanimous)Tamara Leorde,3,5:00
loss,Monique Adriane,Sep / 23 / 2017,Decision (Unanimous),3,5:00
