Result,Opponent,Event Date,Method/Referee,Rounds,Time
loss,Serena DeJesus,Aug / 27 / 2021,Decision (Split)Marcio Laselva,3,5:00
loss,J.J. Aldrich,Oct / 12 / 2019,Decision (Unanimous)Kevin MacDonald,3,5:00
loss,Poliana Botelho,Apr / 13 / 2019,Decision (Unanimous)George Allen,3,5:00
loss,Yanan Wu,Nov / 24 / 2018,Submission (Armbar)John Sharp,1,4:00
win,Shana Dobson,Apr / 14 / 2018,Decision (Unanimous)Al Guinee,3,5:00
win,Kelly McGill-Velasco,Aug / 29 / 2017,Decision (Unanimous)John McCarthy,3,5:00
win,Hannah Fitzpatrick,Jul / 23 / 2016,Decision (Unanimous)Raul Porrata,3,3:00
win,Faye Shields,Apr / 02 / 2016,TKO (Submission to Punches)Greg Guzman,1,1:01
win,Peggy Ross,Jul / 11 / 2015,Decision (Unanimous)Raul Porrata,3,3:00
