Result,Opponent,Event Date,Method/Referee,Rounds,Time
loss,Ketlen Souza,Apr / 27 / 2024,Decision (Unanimous)Jason Herzog,3,5:00
loss,Josefine Lindgren Knutsson,Sep / 16 / 2023,Decision (Unanimous)Chris Tognoni,3,5:00
win,Amber Brown,Apr / 21 / 2023,Decision (Unanimous)Chris Klavetter,3,5:00
loss,Bruna Brasil,Sep / 13 / 2022,KO (Head Kick)Mark Smith,2,4:33
win,Kelsey Arnesen,Apr / 22 / 2022,Decision (Split)Joe Coca,3,5:00
win,Pauline Macias,Oct / 22 / 2021,Submission (Triangle Choke)Bobby Wombacher,3,3:57
win,Jennifer Clausius,Sep / 19 / 2020,TKO (Referee Stoppage)Dennis Bain,3,4:42
win,Jamie Thorton,Jun / 27 / 2020,TKO (Corner Stoppage)Dave Evans,1,0:00
win,Megan Winick,Apr / 06 / 2019,KO (Punches),1,0:45
