Result,Opponent,Event Date,Method/Referee,Rounds,Time
draw,Takahiro Oba,Jan / 22 / 2004,Draw (Majority)Yoshinori Umeki,2,5:00
win,Masato Nishiguchi,Jul / 21 / 2003,Decision (Unanimous),2,5:00
win,Hiroyuki Ito,Feb / 15 / 2002,Decision (Majority),3,5:00
loss,Yasuhito Namekawa,Jun / 15 / 2001,Submission (Guillotine Choke),2,0:22
loss,Kazuo Takahashi,Aug / 27 / 2000,Decision (Unanimous)Soichi Hiroto,1,10:00
loss,Daisuke Ishii,Jan / 23 / 2000,KO (Punches)Yoshinori Umeki,1,0:06
loss,Katsuhisa Fujii,Nov / 19 / 1999,TKO (Punches)Mario Yamasaki,2,3:12
