Result,Opponent,Event Date,Method/Referee,Rounds,Time
loss,Chandler Holderness,Nov / 21 / 2009,TKO (Punches),1,1:34
loss,Brendan Seguin,Jun / 06 / 2009,TKO (Punches)Jerry Krzys,1,3:11
loss,Tamdan McCrory,Mar / 07 / 2009,TKO (Submission to Punches)Yves Lavigne,1,3:35
win,Rick Thompson,Dec / 13 / 2008,Submission (Triangle Choke)Bill Clancy,2,2:07
win,Brandon Pierce,Oct / 04 / 2008,Submission (Triangle Choke),1,3:33
win,Ricardo Martinez,Dec / 02 / 2006,KO (Punch),1,2:07
win,Chad Trukovich,Oct / 07 / 2006,KO (Punch),1,0:38
win,Clint Zeedyk,Jun / 10 / 2006,TKO (Corner Stoppage),2,2:15
