Result,Opponent,Event Date,Method/Referee,Rounds,Time
win,Dominique Chisem,Jun / 21 / 2013,SubmissionKen Sells Jr.,2,1:10
win,Tony Lewis,Mar / 24 / 2013,Submission (Rear-Naked Choke)Raul Porrata,1,0:40
win,Preston Scharf,May / 05 / 2012,Decision (Split)Cecil Peoples,3,5:00
loss,Kyle Watson,Dec / 04 / 2010,Decision (Unanimous)Herb Dean,3,5:00
win,Marcos Gonzalez,Dec / 18 / 2009,Decision (Split),3,3:00
win,Sergio Salcido,Oct / 18 / 2009,Submission (Armbar),1,1:28
win,Frank Baldivia,Mar / 26 / 2009,Submission (Rear-Naked Choke),1,1:28
win,Noe Rodriguez,Jan / 29 / 2009,TKO (Punches),3,0:14
win,Timothy Morris,Apr / 05 / 1999,Submission (Armbar),1,1:38
