Result,Opponent,Event Date,Method/Referee,Rounds,Time
loss,Cameron Saaiman,Dec / 10 / 2022,TKO (Knees and Punches)Chris Tognoni,3,4:13
win,James Dunn,Jul / 16 / 2022,Submission (Rear-Naked Choke),1,4:05
win,Marcelo Willian,Nov / 06 / 2021,Submission (Rear-Naked Choke),1,2:29
win,Anthony Retic,Mar / 13 / 2021,Submission (Kimura),1,1:34
win,Ginseng Poit Du'Jour,Mar / 21 / 2020,Submission (Rear-Naked Choke)Telis Assimenios,1,4:01
win,Jonathan Ortiz,Jul / 20 / 2019,Submission (Triangle Choke)James Larry Folsom Jr.,1,0:21
win,Joshua Ciulla,May / 04 / 2019,Submission (Armbar)James Larry Folsom Jr.,1,2:12
